0,20-20
1,440 Volt
2,A B C D E F G H
3,A Flying Jatt
4,ABCD
5,ABCD Yaariyan
6,Aa Aa E Ooh Ooh Ooh Mera Dil Na Todo
7,Aa Bhi Ja Sanam
8,Aa Gaya Aa Gaya
9,Aa Ghar Chalein Hum
10,Aa Jaana Aa Jaana
11,Aa Jao Na
12,Aa Re Pritam Pyaare
13,Aa Tayar Hoja
14,Aa Toh Sahii
15,Aa Zara
16,Aaankhein Milayenge Darr Se
17,Aadat
18,Aadat (Juda Hoke Bhi)
19,Aadha Ishq
20,Aafaton Ke Parinde
21,Aahista
22,Aahista Aahista
23,Aahun Aahun
24,Aai Pappi – Tu Hai Meri Soniye
25,Aaj Din Chadheya
26,Aaj Hai Sagaai
27,Aaj Hai Sagai
28,Aaj Ibaadat
29,Aaj Kal Yaad Kuch Aur Rehta Nahin
30,Aaj Kehna Zaroori Hai
31,Aaj Ki Party
32,Aaj Ki Party (Remix)
33,Aaj Na Chhodenge
34,Aaj Se Teri
35,Aaj Udta Hua Ek Panchhi
36,Aaj Unse Milna Hai
37,Aaj Zid
38,Aaja Aaja Re Tujhko
39,Aaja Aaja …Yaad Sataye
40,Aaja Mahiya
41,Aaja Nachle
42,Aaja Shaam Hone Aayi
43,Aakhon Aakhon
44,Aanchal Men Saja Lena
45,Aankh Marey
46,Aankhein Khuli
47,Aankhon Aankhon (Remix)
48,Aankhon Ki Gustakhiyan Maaf Ho
49,Aankhon Mein Neendein
50,Aankhon Ne Tumhari
51,Aao Bachho Tumhe Dikhaye
52,Aao Kabhi Haveli Pe
53,Aao Milo Chalo
54,Aao Na
55,Aao Raja
56,Aaoge Jab Tum
57,Aap Aye To Khayal
58,Aap Ka Aana Dil Dhadkana
59,Aap Ki Ankhon Mein Kuch
60,Aap Ki Kashish
61,Aap Ki Khatir
62,Aap Ki Nazron Ne Samjha
63,Aap Se Milkar
64,Aap Yun Hi Agar Humse Milte Rahe
65,Aapka Kya Hoga
66,Aarti (Tumre Bhavan Mein)
67,Aashayein
68,Aashiq Banaya Aapne
69,Aashiq Surrender Hua
70,Aashiyan
71,Aashiyana
72,Aata Majhi Satakli
73,Aate Jaate Jo Milta Hai
74,Aaur Main Khush Hoon
75,Aaya Aaya Toofan
76,Aaya Re
77,Aaya Tere Dar Par
78,Aayat
79,Aayega Maza Ab Barsaat Ka
80,Aayi Re Aayi Re Khushi
81,Ab Ke Baras Bhejo Bhaiya
82,Ab Mujhe Koi
83,Ab Mujhko Jeena
84,Ab Se Teri
85,Ab Tere Bin
86,Ab Tohe Jane Na Doongi
87,Abhagi Piya Ki
88,Abhi Abhi
89,Abhi Kuch Dino Se
90,Abhi Toh Party Shuru Hui Hai
91,Accident Ho Gaya
92,Action Jackson
93,Ada
94,Adhoore Tum Adhoore Hum
95,Adhura Lafz
96,Ae Baby Ae Jee Idhar Aao
97,Ae Bhai Zara Dekh Ke Chalo
98,Ae Dil Hai Mushkil
99,Ae Dil Pyar Ki Manzil
100,Ae Ishq Yeh Sab Duniyawale
101,Ae Mere Humsafar
102,Ae Mohabbat Zindabad
103,Ae Watan
104,Ae Watan Ae Watan Humko Teri Qasam
105,Afeemi
106,Afsana
107,Aga Bhai
108,Agar Main Kahoon
109,Agar Tu Hota
110,Agar Tum Mil Jao
111,Agar Tum Saath Ho
112,Agg Lage Aaj Kal De Fashion Nu
113,Aha Aha
114,Aila Re Aila
115,Ainvayi Ainvayi
116,Ainvayi Ainvayi (Dilli Club Mix)
117,Aisa Deewana
118,Aisa Des Hai Mera
119,Aisa Jadoo
120,Aisa Kyoon Hota Hai
121,Aisa Kyun Maa
122,Aise Na Mujhe Tum Dekho
123,Aiyo Ji
124,Ajab Leher Hai Meri
125,Ajib Dastan Hai Yeh
126,Ajnabi
127,Ajnabi Mujhko Itna Bata
128,Ajnabi Shehar
129,Akh Lad Jaaye
130,Akhiyaan Milaoon Kabhi
131,Akkad Bakkad
132,Akkha India Janta Hai
133,Ala Barfi
134,Albela Sajan
135,Alcholic (Remix)
136,Alcoholic
137,Alfazon Ki Tarah (Unplugged)
138,Ali Ali – Qawwali
139,Ali Maula
140,Alif Zaber Aa
141,Alisha
142,Alizeh
143,All Izz Well
144,All The Best
145,Allah Duhai Hai
146,Allah Hafiz
147,Allah Hi Reham
148,Allah Kare Dil Na Lage
149,Allah Ke Bande
150,Allah Maaf Kare
151,Alvida
152,Anandoloke
153,Anarkali Disco Chali
154,Andaz Mera Mastana
155,Andekhi Anjaani
156,Andha Dhun
157,Ang Lag Ja Balma
158,Ang Laga De
159,Ang Se Ang Lagana
160,Angelina
161,Anjaana Anjaani Ki Kahani
162,Ankahee
163,Ankhiyaan
164,Ankhiyon Se Goli Mare
165,Ankhon Se Tune Yeh Kya
166,Apna Time Aayega
167,Apni Bhi Kya Zindagi Hai
168,Apni To Har Aah
169,Apni To Jaise Taise
170,Apni Ulfat Pe Zamane Ka
171,Are Diwano Mujhe Pehchano
172,Are Re Are
173,Arre Yaaro Mere Pyaaro
174,Arziyan
175,Asalaam-E-Ishqum
176,Assalaam Vaalekum
177,Aur Is Dil Mein
178,Auva Auva Koi Yahan Nache
179,Awaara
180,Awaarapan Banjarapan
181,Awaaz Deke
182,Awara Hoon
183,Ay Hairathe
184,Ay Sakhi
185,Ayaashi
186,Aye Dil Laaya Hai Bahaar
187,Aye Khuda
188,Aye Khuda (Duet)
189,Aye Manya
190,Aye Meri Zindagi – Male Version
191,Aye Meri Zohra Jabeen
192,Aye Watan Aye Watan
193,Aye Watan Tere Liye
194,Aye Zindagi Gale Lagaa Le
195,Azmale Ye Formulae
196,Baadal
197,Baadalon Mein Chup Raha Chand
198,Baap Ki Kasam
199,Baari Barsi
200,Baarish
201,Baarish (Atif Aslam)
202,Baat Ban Jaaye
203,Baatein Kuch Ankahee
204,Baatein Ye Kabhi Na (Female)
205,Baawra
206,Baawre
207,Baba Bolta Hain Bas Ho Gaya
208,Baba Meri Yeh Jawani
209,Babbe Mast
210,Babuji Zara Dheere Chalo
211,Babul Pyare
212,Baby Doll
213,Baby Doll (Remix)
214,Baby Ko Bass Pasand Hai
215,Bachalo Bachalo
216,Bachna Ae Haseeno
217,Bad Baby
218,Badan Juda Hote Hain
219,Badan Pe Sitaare
220,Badass Babuaa
221,Bade Armanon Se
222,Bade Miyan Chote Miyan
223,Badi Dheere Jali
224,Badi Mushkil Hai
225,Badlapur
226,Badle Badle Mere Sarkar
227,Badnaamiyan
228,Badri Ki Dulhania
229,Badtameez Dil
230,Bahara
231,Bahut Pyar Karte Hai (Male Version)
232,Bakheda
233,Bakhuda Tumhi Ho
234,Balam Pichkari
235,Balam Se Milan Hoga
236,Balma
237,Balma Tum Balma Ho Mere Khali
238,Bam Lahiri
239,Bambai Se Aaya Mera Dost
240,Ban Dance Mein Kutta
241,Ban Ja Rani
242,Bana Ke Kyon Bigada Re
243,Banarasiya
244,Band Baaja Baaraat Mashup
245,Banda Parwar
246,Bande Mein Tha Dum… Vande Mataram
247,Bandeya
248,Bandeyaa
249,Bang Bang
250,Banjaara
251,Barbaad Raat
252,Barsaat Ke Mausam Mein
253,Barso Re
254,Bas Ek Kinng
255,Bas Tu Hai
256,Bass Gira De Raja
257,Bawara Mann
258,Bawla Sa Sapna
259,Be Intehaan
260,Beat It Bijuriya
261,Beat Juunglee
262,Beat Pe Booty
263,Bebo
264,Bechayan Sapne
265,Bedardi Mere Saiyan
266,Beech Beech Mein
267,Beedi
268,Behene De
269,Behka
270,Behti Hawa Sa Tha Woh
271,Bekarar Karke Hume
272,Bekas Pe Karam Kijiye
273,Bekhudi
274,Beliya
275,Beparwah
276,Besabriyaan
277,Besharmi Ki Height
278,Besharmi Ki Height (Remix)
279,Bewafa Beauty
280,Bewajah
281,Bezubaan
282,Bhaag Milky Bhaag
283,Bhaage Re Mann
284,Bhagwan Ek Qasoor Ki
285,Bhangda Pa
286,Bhangra Bistar
287,Bhangra Ta Sajda
288,Bhanware Ne Khilaya Phool
289,Bhar Do Jholi Meri
290,Bhare Bazaar
291,Bheege Hont Tere
292,Bheegh Loon (Male)
293,Bheegi Si Bhaagi Si
294,Bholi Si Surat
295,Bhool Bhulaiyaa
296,Bhooli Bisri Ek Kahani
297,Bhoot Aaya
298,Bichdann
299,Billionaire
300,Bin Tere
301,Binte Dil
302,Bipasha
303,Birthday Bash
304,Bismil
305,Bismillah
306,Black Jama Hai
307,Bloody Hell
308,Blue (Theme)
309,Bodyguard
310,Boi Boi
311,Bol Beliya
312,Bol Do Na Zara
313,Bol Radha Bol
314,Bola Har Har Har
315,Bole Chudiyan
316,Bolo Har Har Har
317,Bom Diggy Diggy
318,Boond Boond
319,Boss Entry – Theme
320,Boss Title Track
321,Brothers Mashup
322,Buddhu Sa Mann
323,Bulleya
324,Bum Bum Bole
325,Bum Mein Dum
326,Bumbro Bumbro
327,Butterfly
328,Bye Bye Miss Good Night
329,Capuchino
330,Catch Me If U Can
331,Chaar Botal Vodka
332,Chaar Botal Vodka (Remix)
333,Chaar Dina Ki
334,Chaar Kadam
335,Chaar Shanivaar
336,Chad Gayi Hai
337,Chahat Se Hai Begani
338,Chahe Zubaan
339,Chahoon Bhi
340,Chak De
341,Chak De India
342,Chak Lein De
343,Chal Akela Chal Akela
344,Chal Jhoothi
345,Chal Wahan Jaate Hain
346,Chalak Chalak
347,Chali Kahani
348,Challa
349,Challa Chaap Chunariya
350,Chalo Dildar Chalo
351,Chalo Ek Bar Phir Se
352,Chalte Chalte
353,Chalti Hai Kya 9 Se 12
354,Cham Cham
355,Chamak Challo Chel Chabeli
356,Chamakti Shaam Hai
357,Chamma Chamma
358,Chammak Challo (Remix)
359,Chanchal Mann Ati Random
360,Chand Si Mehbooba Ho Meri
361,Chand Sifarish
362,Chand Sitare
363,Chandan Sa Badan
364,Chandni O Meri Chandni
365,Chandralekha
366,Channa Mereya
367,Char Baj Gaye (Party Abhi Baaki Hai)
368,Character Dheela
369,Chaska
370,Chaudhvin Ka Chand
371,Cheez Badi
372,Chennai Express Mashup
373,Chhad Zid Karna
374,Chhaliya
375,Chhalka Chhalka Re
376,Chhan Ke Mohalla
377,Chheda Mera Dil Ne Tarana
378,Chhil Gaye Naina
379,Chhod Diya
380,Chhote Chhote Peg
381,Chhote Chhote Peg (Remix)
382,Chhoti Chhoti Raatein
383,Chhupana Bhi Nahin Aata
384,Chichora Piya
385,Chicken Kuk Doo Koo
386,Chikini Chameli (Remix)
387,Chikni Chameli
388,Chin Chin Chu
389,Chitta Ve
390,Chitthi Aai Hai
391,Chittiyaan Kalaiyaan
392,Chittiyaan Kalaiyaan (Remix)
393,Chodo Kal Ki Batein
394,Chogada
395,Chokra Jawaan
396,Choli Ke Peeche Kya Hai (Female)
397,Chookar Mere Man Ko
398,Chor Bazari
399,Chori Chori Chori Se
400,Chori Chori Chupke Chupke
401,Chori Chori Dil Le Gaya
402,Chot Dil Pe Lagi
403,Chot Lage Tujhko – Sad
404,Chota Sa Fasana
405,Chote Bade
406,Chote Chote Bhaiyon Ke Bade Bhaiya
407,Chuee Muee
408,Chugliyaan
409,Chupke Chupke Ghoor Na Mujhko
410,Chupke Se
411,Chupke Se Sun
412,Chura Liya Hai
413,Chura Lo Dil Mera
414,Churao Na Dil
415,Churiyan Kanak Gayee
416,Coca Cola
417,Cocktail Mashup
418,Confused Lover
419,Crazy Kiya Re
420,Cutiepie
421,Da Da Dasse
422,Daag
423,Daagh Na Lag Jaye
424,Daaru Band Kal Se
425,Daaru Desi
426,Daaru Wargi
427,Daata Tu
428,Daawat e Ishq
429,Daayre
430,Daddy Mummy
431,Dagabaaz Re
432,Dagabaaz Tori Batiyan
433,Dagariyo Chalo
434,Daiya Daiya Daiya Re
435,Daiyya Maiyya
436,Dam Bhar Jo Udhar Munh Phere
437,Dance Basanti
438,Dance Basanti (Remix)
439,Dance Pe Chance
440,Dancing Jodi
441,Dangal
442,Danka Bajega
443,Dar Pe Aaye Hain Tere Kasam Le
444,Darasal
445,Darbadar
446,Dard Dilo Ke  (Reprise)
447,Dard Ka Pata
448,Dard Karaara
449,Dariya Ho
450,Daryaa
451,Dastaan-e-Om Shanti Om
452,De De Jagah
453,De De Pyaar De
454,De Di Azadi Hamen Bina
455,Deewana Main Chala
456,Deewane Hai Deewanon Ko
457,Deewangi Deewangi
458,Deewani Mastani
459,Dekh Lena
460,Dekha Ek Khwab
461,Dekha Hai Pehli Baar
462,Dekha Hazaro Dafaa
463,Dekha Tujhe Toh
464,Dekhen Bhi To Kya Dekhen
465,Dekhiye Aji Jaaneman
466,Dekho Bijli Dole Bin Badal Ki
467,Dekho Dekho Dil Ye Bole
468,Dekho Dekho Jaanam
469,Dekho Nashe Mein
470,Dekho Zara Kaise Balkhake Chali
471,Dekhte Dekhte
472,Der Na Ho Jaye Kahin
473,Der Se Aana Jaldi Jaana
474,Des Mere Des
475,Des Rangila
476,Desi Beat
477,Desi Girl
478,Desi Look
479,Desi Look (Remix)
480,Desi Romance
481,Dhaakad
482,Dhadak Title Track
483,Dhadakne Lagta Hai Mera Dil
484,Dhadkane Saansein Jawani
485,Dhadkanein Kehti Hai
486,Dhai Akhar
487,Dhak Dhak Karne Laga
488,Dhal Jaun Main
489,Dhanak
490,Dhat Teri Ki
491,Dhating Naach
492,Dhayaan Chand
493,Dheemi Dheemi
494,Dheere Dheere (Remix)
495,Dheere Dheere Bol Koi Sun Na Le
496,Dheere Dheere Se Meri Zindagi Mein Aana
497,Dhik Ta Na Na – Duet
498,Dhiktana – 2
499,Dhin Tak Dhin Tak
500,Dhingana
501,Dhinka Chika
502,Dhinka Chika (Remix)
503,Dhokha Dhadi
504,Dhol Baaje
505,Dholida
506,Dholna
507,Dhoom Again
508,Dhoom Dhaam
509,Dhoom Dhadakka
510,Dhoom Machale
511,Dhoom Machale Dhoom
512,Dhoom Tana
513,Dhoondo Dhoondo Re Sajna
514,Dhoop
515,Dhoop Ke Makaan Sa
516,Dhunki
517,Dhup Chik
518,Didi Tera Devar Deewana
519,Dil Apna Aur Preet Parai
520,Dil Ashkon Mein
521,Dil Chahta Hai
522,Dil Chori
523,Dil Chura Le
524,Dil Dance Maare
525,Dil Darbadar
526,Dil Deewana Bin Sajna Ke
527,Dil Dene Ki Ruth
528,Dil Dhadakne Do
529,Dil Dil Deewana
530,Dil Diwana
531,Dil Diyan Gallan
532,Dil Dooba
533,Dil Jaane Jigar Tujhpe Nisar Kiya Hai
534,Dil Jaane Na
535,Dil Jalon Ka Dil Jala Ke
536,Dil Jo Na Keh Saka
537,Dil Ka Koi Tukda
538,Dil Ka Qaraar
539,Dil Ka Rishta
540,Dil Kehta Hai
541,Dil Kho Gaya
542,Dil Ki Hai Tamanna
543,Dil Ki Kahani Rang Layee Hai
544,Dil Ko Aaya Sukoon
545,Dil Kya Kare
546,Dil Kyun Yeh Mera
547,Dil Laga Na
548,Dil Leke
549,Dil Me Kayi Armaan
550,Dil Mein Baji Pyar Ki Shehnaiyan
551,Dil Mein Chhupa Loonga
552,Dil Mein Dard Sa Jaga Hai
553,Dil Mein Sanam Ki Soorat
554,Dil Mera Churaya Kyun
555,Dil Mera Ek Aas Ka Panchhi
556,Dil Mere
557,Dil Meri Na Sune
558,Dil Na Diya
559,Dil Na Jaane Kyun
560,Dil Na Kahin Lagana
561,Dil Ne Ye Kaha Hai Dil Se
562,Dil Samander
563,Dil Se Nikal Kar Dil Ko Gayee Hain
564,Dil Se Re
565,Dil Tadap Tadap Ke Kah Raha
566,Dil Tera Diwana
567,Dil Tham Chale Hum Aaj Kidhar
568,Dil To Bachcha Hai
569,Dil To Dete Nahin
570,Dil To Pagal Hai
571,Dil Tu Hi Bataa
572,Dil Vich Lagya
573,Dil Ye Dancer Ho Gaya
574,Dil Ye Ladaku
575,Dilbar
576,Dilbaro
577,Dillagi Main Jo Beet Jaye
578,Dilli Wali Girlfriend
579,Dilnashin Dilnashin
580,Dilrubaon Ke Jalwe
581,Din Dhal Gaya Hai
582,Din Sara Guzara Tore Angana
583,Ding Dang
584,Disco Disco
585,Diwani Tum Jawanon Ki
586,Do Anjaane Ajnabi
587,Do Dilon Ke
588,Do Hanson Ka Joda
589,Do Lafzon Ki Hai Dil Ki Kahani
590,Do Me A Favour Let’s Play Holi
591,Do Pal
592,Do Peg Maar
593,Dola Re Dola
594,Dooba Re Dooba
595,Door Na Ja
596,Doori
597,Dooriyan
598,Dooriyan Hain Zaroori Bhi Hai
599,Drama Queen
600,Dreamum Wakeupum
601,Dua
602,Dukki Tikki
603,Dulhan Hum Le Jayenge
604,Dum Dum
605,Dum Dum Diga Diga
606,Dum Duma Dum
607,Dum Maaro Dum
608,Duniya Bananewale
609,Dus Bahane
610,Dushman Dil Ka Jo
611,E – Gulbadan Phoolon Ki Mahek
612,Ehsan Tera Hoga Mujh Par
613,Ek But Banaoonga
614,Ek Dafa Ek Jungle Tha
615,Ek Dil Ek Jaan
616,Ek Dil Hai
617,Ek Dilruba Hai
618,Ek Din Aap
619,Ek Din Bik Jayega Mati Ke Mol
620,Ek Do Teen
621,Ek Do Teen Song
622,Ek Duje Ke Vaaste
623,Ek Garam Chai Ki Pyali
624,Ek Haseena Thi
625,Ek Ladki Ko Dekha Toh Aisa Laga
626,Ek Lo Ek Muft
627,Ek Mulaqat
628,Ek Onkaar
629,Ek Pal Ka Jeena
630,Ek Pardesi Door Se Aaya
631,Ek Sawal Main Karoon
632,Ek Tha Tiger Mashup
633,Ek Thi Ladki Meri Saheli
634,Ek Tu Hi Bharosa
635,Ek Villain
636,Engine Ki Seeti
637,Enna Sona
638,Enu Naam Che Raees
639,Every Night & Day
640,F.U.N. Fun Funaa
641,Fake Ishq
642,Falak Dekhun
643,Farrata
644,Fashion Khatam Mujhpe
645,Fatal Attraction
646,Fevicol Se
647,Fevicol Se (Remix)
648,Fitoori
649,Flip Your Collar Back
650,Follow Me
651,Foolishq
652,Freak Out
653,Fugly Fugly Kya Hai
654,Fukraa
655,Full Jhol
656,G Pe Danda
657,G Phaad Ke (Remix)
658,Gaal Gulabi Kis Ke Hain
659,Gaaye Jaa (Male)
660,Gadbad Ho Gayee
661,Gajanana
662,Gal Ban Gayi
663,Gal Ban Gayi (Remix)
664,Galat Baat Hai
665,Gale Lag Ja
666,Gali Gali
667,Galla Goriyan – Aaja Soniye
668,Gallan Goodiyaan
669,Galliyan
670,Galti Se Mistake
671,Gandi Baat
672,Gawah Hai Chand Tare
673,Gazab Ka Hai Din
674,Gehra Ishq
675,Gela Gela Gela
676,Genda Phool
677,Gerua
678,Get Up Jawani
679,Ghagra
680,Ghar
681,Ghoomar
682,Ghoonghat Ki Aadh Se
683,Ghoongte Mein Chanda
684,Ghum Shuda
685,Gilehriyaan
686,Girl I Need You
687,Girls Like To Swing
688,Give Me Some Sunshine
689,Glamorous Ankhiyaan
690,Go Go Govinda
691,Go Go Govinda (Reprise)
692,Go Pagal
693,Gold Tamba
694,Golmaal Again Title Track
695,Good Man Di Laaltein
696,Good Morning
697,Good Morning India
698,Goodnight
699,Gore Gore Se
700,Gore Mukhde Pe Zulfa Di Chaava
701,Gori Ghunghat Mein Mukhda
702,Gori Gori
703,Gori Gori Gori Gori
704,"Gori Ka Sajan, Sajan Ki Gori"
705,Gori Tu Latth Maar
706,Gori Zara Hans De Tu Hans De
707,Goron Ki Na Kalon Ki
708,Gud Naal Ishq Mitha
709,Gudgudi
710,Gudiya Rani
711,Guest In London
712,Gulaabo
713,Gulabi
714,Gulabi Aankhen
715,Gulon Mein Rang Bhare
716,Gum Hai Kisi Ke Pyar Mein
717,Gun Gun Guna
718,Gunday Mashup
719,Gunja Re Chandan
720,Ha Raham Mehfuz
721,Haan Bhai Haan
722,Haanikaarak
723,Haareya
724,Haath Chhute Bhi
725,Haathon Mein Thhe Haath
726,Haawa Haawa
727,Hafiz Hafiz
728,Hai Dil
729,Hai Hai Mirchi
730,Hai Isi Men Pyar Ki Abroo
731,Hai Jaana Hai Jaana
732,Hai Junoon
733,Hai Rama
734,Hai Re Hai Re
735,Haila Haila
736,Hairat
737,Hale Dil
738,Halka Halka
739,Halkat Jawani
740,Halla Re
741,Halo Re
742,Ham The Jinke Sahare
743,Hamare Gaon Koi
744,Hamari Adhuri Kahani
745,Hamari Shaadi Mein
746,Hamdam Mere
747,Hamdard
748,Hamesha Tumko Chaha
749,Hangover
750,Hans Mat Pagli
751,Happy Budday
752,Happy Ending
753,Happy Ending Mashup
754,Happy Happy
755,Har Dil Jo Pyar Karega
756,Har Ek Friend Kamina Hota Hai
757,Har Har Gange
758,Har Subah
759,Har Subah Yaad Rakhna
760,Hard Hard
761,Hare Krishna Hare Ram
762,Harry Is Not Bhramchari
763,Haseeno Ka Deewana
764,Haseeno Ko Aate Hain
765,Haseenon Ki Sawari Hai
766,Hasi
767,Hasi Ban Gaye
768,Hass Nache Le
769,Hatt Ja Tau
770,Haule Haule (Remix)
771,Hawa Hawa
772,Hawa Hawai 2.0
773,Hawayein
774,Hay Re Insaan Ki Majbooriya
775,Heer
776,Heer Badnaam
777,Heeriye
778,Helicopter
779,Hello Hello
780,Hey Ooi Amma Ooi Amma
781,Hey Shona
782,Hey Ya I See You Walking
783,High Heels Te Nachche
784,High Heels Te Nachche (Remix)
785,High Rated Gabru – Nawabzaade
786,Hip Hip Huraah
787,Hip Hop Pammi
788,Ho Gaya Hai Tujhko To Pyar Sajna
789,Ho Maine Pyar Kiya
790,Ho Nahi Sakta
791,Ho Sarkay Leo Khattiya Jada Lage
792,Holi Aayi Re
793,Holi Biraj Ma
794,Holi Khelein
795,Hona Hai Kya
796,Hona Tha Pyar
797,Honeymoon Ki Raat
798,Hookah Bar (Remix)
799,Hoor
800,Hori Khele Raghuveera
801,Horn OK Please
802,Hoshwalon Ko Khabar Kya
803,Hu Ba Hu
804,Hua Hain Aaj Pehli Baar
805,Hudd Hudd Dabangg
806,Hug Me
807,Hum Badi Door Chale Aaye
808,Hum Hain Insaaf
809,Hum Ko Maaloom Hain
810,Hum Ko Tumhare Ishq Ne
811,Hum Lakh Chupaye
812,Hum Laye Hain Toofan Se Kashti Nikal Ke
813,Hum Mar Jayenge
814,Hum Nahi Sudhrenge
815,Hum Pyaar Hai Tumhare
816,Hum Pyar Karne Wale
817,Hum Saath-Saath Hain
818,Hum To Bhai Jaise Hain
819,Hum To Dil Chahen Tumhara
820,Hum To Dil Se Haare
821,Hum To Tere Aashiq Hain
822,Hum Tum
823,Hum Tumhare Hain Sanam
824,Hum Tumhe Chahte Hai Aise
825,Hum Tumhe Kaise Bataye
826,Humen Kash Tumse Mohabbat
827,Humka Peeni Hai
828,Humka Peeni Hai Peeni
829,Humko Humise Chura Lo
830,Humko Pyaar Hua
831,Humko Tumse Ho Gaya Hai Pyar
832,Humko Tumse Pyar Hai
833,Hummein Tummein Jo Tha
834,Humnava
835,Humne Ghar Choda Hai
836,Humne Pee Rakhi Hai
837,Humsafar
838,Husn Parcham
839,Huzur Is Kadar
840,I Am A Disco Dancer
841,I Don’t Luv U
842,I Feel Good
843,I Love My India
844,I Love You
845,I Wanna Tera Ishq
846,Ibn-E-Batuta
847,Idhar Chala Mein Udhar Chala
848,Ijazat
849,Ik Junoon
850,Ik Tu Hi Tu Hi
851,Ik Vaari Aa
852,Ikk Kudi
853,Iktara
854,Ilahi
855,Imli Ka Boota
856,In Kadmon Ke Neeche
857,In Lamhon Ke Daaman Mein
858,In Panchion Ko Dekh Kar
859,India Wale
860,Insaaf Ki Dagar Pe Bachchon Dikhaao Chal Ke
861,Inteha Ho Gayi Intezaar Ki
862,Intezaar
863,Is Mod Se Jaate Hain
864,Is Nagari Mein
865,Is Pal
866,Is Pal Ki Soch
867,Is Pyar Se Meri Taraf Na Dekho
868,Is Shaane Karam Ka – Qawali
869,Is This Love – Kahin Na Laage
870,Ishaqzaade
871,Ishq Bina
872,Ishq Bulaava
873,Ishq Chadha Hai
874,Ishq Chupta Nahi
875,Ishq Chupta Nahi Chupane Se
876,Ishq Da Sutta
877,Ishq De Fanniyar
878,Ishq Di Baajiyan
879,Ishq Hai Ishq Hai
880,Ishq Hua
881,Ishq Ki Galee
882,Ishq Nachaya Kare
883,Ishq Risk
884,Ishq Samundar
885,Ishq Shava
886,Ishq Sufiyana (Male)
887,Ishq Tera
888,Ishq Vishq
889,Ishq Vishq Pyaar Vyaar
890,Ishq Wala Love
891,Ishqa
892,Ishqe Di Lat
893,Ishqyaun Dhishyaun
894,Ishtehaar
895,Iski Uski
896,Issaqbaazi
897,Itna Sannata Kyun Hai
898,Itni Badi Mehfil
899,Itni Si Baat Hai
900,Ittefaq Se Raat Baaki
901,It’s All About Tonight
902,It’s Magic
903,It’s the Time to Disco
904,Ja Ja Ja Mere Bachpan
905,Jaa Sajna Tujhko Bhula
906,Jaadoo Jaadoo
907,Jaadu Tone Waaliyan
908,Jaage Hain
909,Jaan Nisaar
910,Jaana Hai
911,Jaana Ve
912,Jaane
913,Jaane Bhi De (Duet)
914,Jaane De
915,Jaane Dil Mein
916,Jaane Kahan Mera Jigar Gaya Ji
917,Jaane Kya
918,Jaane Kya Dhoondhta Hai
919,Jaane Kyun
920,Jaane Nahi Denge Tujhe
921,Jaane Tere Shehar Ka
922,Jaane Ye Kya Hua
923,Jaaneman Aah
924,Jaaneman Jaane Jaan
925,Jaanu
926,Jaati Hoon Main
927,Jab Chaye Tera Jadoo
928,Jab Dil Miley
929,Jab Haal E Dil Tumse Kehne Ko
930,Jab Kisiki Taraf Dil
931,Jab Koi Baat Bigad Jaye
932,Jab Mehndi Lag Lag Jaave
933,Jab Mila Tu
934,Jab Se Hum Tere
935,Jab Se Mere Naina
936,Jab Se Tumko Dekha
937,Jab Tak
938,Jab Tak Hai Jaan
939,Jab Tak Hai Jaan Mashup
940,Jab Tum (Female)
941,Jab Tum Chaho
942,Jab Tumhein Aashiqui Maloom
943,Jab Zero Diya Mere Bharat Ne
944,Jadugar Ka Jadoo
945,Jag Ghoomeya
946,Jag Ghoomeya (Female)
947,Jag Ja
948,Jahan Mil Jayen Chaar Yaar
949,Jahan Teri Yeh Nazar Hai
950,Jai Govinda Jai Gopala
951,Jai Ho
952,Jai Ho Tiltle Song
953,Jai Jai Shiv Shankar
954,Jai Mata Di
955,Jal Rahin Hain
956,Jalebi Bai
957,Jalte Diye
958,Jalwa
959,Jana Tumhare Pyar Mein
960,Janam Janam
961,Jane Kahan Gaye Woh Din
962,Jane Kahan Gayi
963,Jane Kaise Kab Kahan Iqrar Ho Gaya
964,Jane Kya Dhoondti Rahti Hai
965,Jane Kyun
966,Jane Na Nazar Pehchane Jigar
967,Janeman Ek Nazar Dekh Le
968,Janib (Duet)
969,Jannatein Kahan
970,Jashna Hai Mohabbat Ka
971,Jatt Jaguar
972,Jawaani Le Doobi
973,Jawani Janeman
974,Jawani Ki Rail Kahin Choot Na Jaye
975,Jay-Jaykara
976,Je T’aime
977,Jee Karda
978,Jee Le Zaraa
979,Jee Ve Sohaneya
980,Jeeley Yeh Lamhe
981,Jeena Jeena
982,Jeena Yahan Marna Yahan
983,Jeene Laga Hoon
984,Jeeta Hoon Jiske Liye
985,Jeete Hain Chal
986,Jeevan Se Bhari Teri Ankhen
987,Jeeye To Jeeye Kaise (Duet Version)
988,Jeth Ki Dophar Mein
989,Jhak Maar Ke
990,Jhalak Dikhla Ja
991,Jhalla Wallah
992,Jhanan Ghoongar Baje
993,Jhanjariya
994,Jhanjariya Meri Chanak
995,Jhelum
996,Jhoka Hawa Ka Aaj Bhi
997,Jhoom Barabar Jhoom
998,Jhoot Nahin Bolna
999,Jhuki Jhuki Si Nazar
1000,Jhumritalaiyya
1001,Ji Huzoori
1002,Jigar Da Tukda
1003,Jingle Jingle
1004,Jis Desh Mein Ganga Rehta Hai
1005,Jis Gali Mein Tera Ghar
1006,Jise Dekh Mera Dil Dhadke
1007,Jiska Koi Nahin
1008,Jiska Mujhe Tha Intezar
1009,Jiske Liye Sabko Chhoda
1010,Jitni Dafa
1011,Jiya Dhadak Dhadak Jaye
1012,Jiya Jale
1013,Jiya Lage Na
1014,Jiya Le Gayo Ji Mora Sanwariya
1015,Jiya Maine Jiya
1016,Jiyara Jiyara
1017,Jiyein Kyun
1018,Jiyo Re Baahubali
1019,Jo Tumko Ho Pasand Wohi Baat Karenge
1020,Joganiyan
1021,Jogi
1022,Jogi Mahi
1023,Jogiya
1024,"Joote Do, Paise Lo"
1025,Judaai
1026,Jugni Peeke Tight Hai
1027,Jugnu
1028,Jugnu Ki Payal
1029,Jumme Ki Raat
1030,Jumme Kie Raat Hai (Remix)
1031,Junooniyat
1032,Just Go to Hell Dil
1033,Kaabil Hoon
1034,Kaahe Chhed
1035,Kaala Doreya
1036,Kaara Fankaara
1037,Kab Chand Ban Ker
1038,Kab Ke Bichhde Hue
1039,Kabhi Alvida Naa Kehna Title Track
1040,Kabhi Jo Badal Barse
1041,Kabhi Khushboo
1042,Kabhi Khushi Kabhie Gham
1043,Kabhi Kisi Ki Khushian Koi Loote Na
1044,Kabhi Main Kahon Kabhi Tu Kahe
1045,Kabhi Shaam Dhale
1046,Kabhi Tu Chalia Lagta Hai
1047,Kabira
1048,Kaddu Katega
1049,Kahan Chal Diye Idhar To Aao
1050,Kahe Paise Pe
1051,Kahin Deep Jale Kahin Dil
1052,Kahin Door Jab Din Dhal Jaye
1053,Kahin Karti Hogi Woh Mera Intezar
1054,Kahin Pyaar Na Ho Jaye
1055,Kahin Se Aayi Rani – Kahin Se Aaya Raja
1056,Kaho Na Kaho
1057,Kai Baar Yun Bhi Dekha Hai
1058,Kaise Kahoon Main Baat Jiya Ki
1059,Kaise Mujhe
1060,Kaise Piya Se
1061,Kaisi Hai Ye Udaasi
1062,Kaisi Yeh Judai Hain
1063,Kajra Re
1064,Kal Ho Naa Ho Title Track
1065,Kal Ki Daulat Aaj Ki Khushian
1066,Kala Chashma
1067,Kamariya
1068,Kambal Ke Neeche
1069,Kamli
1070,Kandhon Se Milte Hain Kandhe
1071,Kapoor & Sons (Mashup)
1072,Kar Doon Kamaal
1073,Kar Gayi Chull
1074,Kar Har Maidaan Fateh
1075,Kasam Khake Kaho
1076,Kasam Ki Kasam
1077,Kashmir Ki Kali Hoon Main
1078,Kashmir Main Tu Kanyakumari
1079,Kate Nahin Kat Te
1080,Kateli Kateli Nasheli Nasheli
1081,Katiya Karun
1082,Katra Katra
1083,Kaun Hai Jo Sapnon Mein Aaya
1084,Kaun Hai Woh
1085,Kaun Kisi Ko Baandh Saka
1086,Kaun Main Haan Tum
1087,Kaun Nachdi
1088,Kaun Tujhe
1089,Kay Sera Sera
1090,Keeda
1091,Keh Do Ke Tum
1092,Kehdoon Tumhen
1093,Kehkasha Tu Meri
1094,Kehta Hai Joker Sara Zamana
1095,Kehti Hai Jhuki Jhuki Nazar
1096,Kem Cho
1097,Khaana Khaake
1098,Khaike Paan Banaras Wala
1099,Khair Mangda
1100,Khalbali
1101,Khali Khali Dil
1102,Khalibali
1103,Khamakhaa
1104,Khambe Jaisi Khadi Hai
1105,Kharaa Kharaa
1106,Khatam Kahani
1107,Khatar Patar
1108,Kheench Meri Photo
1109,Khel Wohi Phir Aaj Tu Khela
1110,Khol De Baahein
1111,Khol De Par
1112,Khoya Khoya Chand Khula Aasman
1113,Khoye Khoye Din Hain
1114,Khuda Bhi
1115,Khuda Hafiz Anjaani Anjaana
1116,Khuda Jaane
1117,Khuda Nigheban Ho
1118,Khudaya Khair
1119,Khudaya Ve Ishq Hai Kaisa
1120,Khul Kabhi Toh
1121,Khuli Falak Mein
1122,Khulke Dulke
1123,Khulla Saand
1124,Khullam Khulla Pyaar Karen
1125,Khush Rahe Tu Sada
1126,Khushiyon Ka Din Aaya Hai
1127,Khwaab Ho Tum Ya Koi
1128,Khwab Dekhe Sexy Lady
1129,Khwabon Khwabon
1130,Khwahishein
1131,Ki Kariye Nachna Aaonda Nahin
1132,Kise Dhoondta Hai Pagal Sapare
1133,Kisi Din Banoongi Main
1134,Kisi Ki Muskurahaton Se
1135,Kisi Se Pyar Ho Jaye
1136,Kisi Se Tum Pyaar Karo
1137,Kismat Se Tum Hum Ko Mile
1138,Kiss Me Baby – Title Song
1139,Kitaben Bahut Si
1140,Kitna Haseen Chehra
1141,Kitna Pagal Dil Hai
1142,Kitna Pyara Ye Chehra
1143,Kitne Bhi Tu Karle Sitam
1144,Kitni Baatein
1145,Kitni Hasrat Hain Humein
1146,Kitni Mohabbat Kis Ko
1147,Koi Aisa Alam
1148,Koi Fariyaad
1149,Koi Ishaara
1150,Koi Jab Tumhara Hriday Tod De
1151,Koi Jaye To Le Aaye
1152,Koi Kahe Kehta Rahe
1153,Koi Ladki Hai
1154,Koi Mil Gaya
1155,Koi Patthar Se Na Maare
1156,Koi Pyar Ki Dekhe Jadugari
1157,Koi Yeh Kaise Bataye
1158,Kore Kore Sapne
1159,Koshampa
1160,Koyal Si Teri Boli
1161,Krazzy 4
1162,Kubool Kar Le
1163,Kuch Din
1164,Kuch Iss Tarah
1165,Kuch Khaas
1166,Kuch Kuch Hota Hai
1167,Kuch To Baaki Hai
1168,Kuch To Hai
1169,Kuch To Hua Hai
1170,Kuch Toh Hua Hai
1171,Kudi Gujarat Di
1172,Kudi Pataka Driver
1173,Kudi Tu Butter
1174,Kudiya Shehar Diyan
1175,Kudiyan Sehar Diyan
1176,Kudiye Di Kurti
1177,Kudiye Ni Tere
1178,Kukkad Kamaal Da
1179,Kun Faya Kun
1180,Kundali
1181,Kunwara
1182,Kurbaan Hua
1183,Kya Dekhte Ho Surat Tumhari
1184,Kya Khoob Lagti Ho
1185,Kya Mil Gaya Hay Kya Kho Gaya
1186,Kya Mujhe Pyar Hai
1187,Kya Raaz Hai
1188,Kya Tujhe Ab Ye Dil Bataye
1189,Kyon
1190,Kyun (Duet)
1191,La La La (Baazaar)
1192,Laagi Laagi
1193,Laagi Na Choote
1194,Laaj Sharam
1195,Laakh Duniya Kahe
1196,Laal Ishq
1197,Labon Ka Karobaar
1198,Labon Ko
1199,Ladi Re Ladi Tujhse Aankh Jo Ladi
1200,Ladka Yeh Kehta Hai
1201,Ladki Hai Ya Shola
1202,Ladki Kyon Na Jane Kyon
1203,Lae Dooba
1204,Lag Ja Gale
1205,Lagdi Hai Thaai
1206,Lage Na Mora Jiya
1207,Lagi Aaj Sawan Ki
1208,Lahu Munh Lag Gaya
1209,Laila
1210,Laila Main Laila
1211,Laila Majnu
1212,Laila O Laila
1213,Lakh Chhupao Chhup Na Sakega
1214,Lakh Lakh
1215,Lakhon Hain Nigahon Mein
1216,Lakhon Tare Aasman Per
1217,Lakk Mera Hit
1218,Lakshya – Title Track
1219,Lambiyaan Si Judaiyaan
1220,Lamha Lamha
1221,Lamhon Ke Rasgulle
1222,Lapak Jhapak
1223,Larki Deewani Dekho
1224,Laung Da Lashkara
1225,Le Gayi
1226,Le Jaa
1227,Le Jaa Tu Mujhe
1228,Le Le Maza Le
1229,Leke Pahla Pahla Pyar
1230,Let It Be
1231,Lets Nacho
1232,Lets Rock Soniye
1233,Let’s Celebrate
1234,Let’s Talk About Love
1235,Likhe Jo Khat Tujhe
1236,Likhne Wale Ne Likh Dale
1237,Lipstick Laga Ke
1238,Little Little
1239,Lo Safar
1240,London Thumakda
1241,Loot Jayenge
1242,Lootnewale
1243,Lost Without You
1244,Love Is A Waste Of Time
1245,Love Ka Matlab Hai Pyar
1246,Love Ka The End
1247,Love Mashup 2016 (Kiran Kamath)
1248,Love Me Love Me
1249,Love Mera Hit Hit
1250,Love Tujhe Love Main Karta
1251,Love You Till The End
1252,Lovely
1253,Lovely (Remix)
1254,Lucky Boy
1255,Lukka Chuppi
1256,Lungi Dance
1257,Lungi Dance (Remix)
1258,Luv Letter
1259,Maa
1260,Maa Da Laadla
1261,Maa Ka Phone
1262,Maa Sheranwali
1263,Maa Sherawaliye
1264,Maahi Ve
1265,Maana Ke Hum Yaar Nahin
1266,Maar Daala
1267,Madamiyan
1268,Madamji Go Easy
1269,Madhuban Mein Radhika Nache Re
1270,Mahek Bhi
1271,Mahi
1272,Mahi Mennu Nahi Karna
1273,Mai Ri Mai
1274,Main Adhoora
1275,Main Agar
1276,Main Agar Kahoon
1277,Main Aisa Kyon Hoon
1278,Main Aisa Kyun Hoon
1279,Main Badhiya Tu Bhi Badhiya
1280,Main Chali
1281,Main Der Karta Nahin
1282,Main Heroine Hoon
1283,Main Hi Main Hoon
1284,Main Hoon
1285,Main Hoon Deewana Tera
1286,Main Hoon Hero Tera
1287,Main Hoon Na
1288,Main Hoon No 1 Gawaiya
1289,Main Hoon Prem Rogi
1290,Main Hoon Roop Ki Rani
1291,Main Hoon Saath Tere
1292,Main Jahaan Rahoon
1293,Main Kaun Hoon
1294,Main Koi Aisa Geet
1295,Main Kya Hoon
1296,Main Kya Karoon
1297,Main Kya Karoon Ram
1298,Main Naa Bhoolunga I
1299,Main Nai Jaana Pardes
1300,Main Pal Do Pal Ka Shayar
1301,Main Pyar Ka Rahi Hoon
1302,Main Rang Sharbaton Ka
1303,Main Tera Boyfriend
1304,Main Tera Dhadkan Teri
1305,Main Teri Dushman Dushman Tu
1306,Main Teri Huyi Re Balma
1307,Main To Raste Se Ja Raha Tha
1308,Main Tujhse Pyaar Nahin Karta
1309,Main Woh Chaand
1310,Main Yahaan Hoon
1311,Main khiladi Tu Anari
1312,Maine Pyar Kiya
1313,Maine Socha Ke Chura Loon
1314,Maine Tere Liye
1315,Maine Tujhko Dekha
1316,Maiya Yashoda
1317,Majboor Tu Bhi Kahin
1318,Make Some Noise For The Desi Boyz
1319,Malang
1320,Malhari
1321,Mallo Malli (Lehmber Hussainpuri)
1322,Manali Trance
1323,Manchala
1324,Mangalayam
1325,Manma Emotion Jaage
1326,Manmarziyan
1327,Mann Ki Lagan
1328,Mannat
1329,Mantoiyat
1330,Manva Likes To Fly
1331,Manwa Laage
1332,Mar Gaye
1333,Mar Jaava
1334,Mar Jaawan Mit Jaawan
1335,Mar Jaayen
1336,Mar Jayian
1337,Masakali
1338,Mashallah
1339,Mashallah (Remix)
1340,Masoom Chehra Ye Qatil Adayen
1341,Mast Kalandar
1342,Mat Ja Re
1343,Mat Maari
1344,Mat Ro Mata Lal Tere
1345,Matargashti
1346,Matari Kotmari Tumba
1347,Mauja Hi Mauja
1348,Maula Mere Lele Meri Jaan
1349,Maula Mere Maula
1350,Maula Sun Le Re
1351,Mausam Hai Bada Qatil
1352,Meer-E-Kaarwan
1353,Megha Re Megha Re
1354,Mehboob Mere
1355,Mehboob Mere Mehboob Mere
1356,Mehbooba
1357,Mehbooba Mehbooba
1358,Meher Hai Rab Di
1359,Meherbani (Remix)
1360,Mehfil Mein Bar Bar
1361,Mehfooz
1362,Mehndi Laga Ke Rakhna
1363,Mehram
1364,Mein Chali Mein Chali
1365,Mein Sharabi
1366,Mein Sharabi (Remix)
1367,Mene Lagan Lagi
1368,Menu Kehn De
1369,Mera Bandar Chala Sasural
1370,Mera Dil Ab Tera Ho Sajna
1371,Mera Dil Bhi Kitna Pagal Hai
1372,Mera Intkam Dekhegi
1373,Mera Jahan
1374,Mera Jeena Hai Kya
1375,Mera Karma Tu
1376,Mera Mann Kehne Laga
1377,Mera Mirza Sher Jawan
1378,Mera Piya Ghar Aaya
1379,Mera Pyar Tera Pyar
1380,Mera Rang De Basanti
1381,Mera Yaar
1382,Mera Yaar Bana Hai Dulha
1383,Mera Yaar Mila De
1384,Mere Angne Mein
1385,Mere Bhaiyaa Mere Chanda
1386,Mere Bina
1387,Mere Bina Tu (Duet Version)
1388,Mere Buddy
1389,Mere Dil Jigar Se Guzree Hai
1390,Mere Dushman Mere Bhai
1391,Mere Ghulam Tera
1392,Mere Gully Mein
1393,Mere Haath Mein
1394,Mere Hathon Mein Nau Nau
1395,Mere Humsafar
1396,Mere Khayalon Ki Malika
1397,Mere Khwabon Ka
1398,Mere Khwabon Mein
1399,Mere Khwabon Mein Jo Aaye
1400,Mere Khwabon Mein Tu
1401,Mere Maula
1402,Mere Mehboob Mein Kya Nahin
1403,Mere Mehboob Qayamat Hogi
1404,Mere Mehboob Tujhe
1405,Mere Naam Tu
1406,Mere Nishaan
1407,Mere Rang Mein Rangne Wali
1408,Mere Rashke Qamar
1409,Mere Samne Wali Khidki Mein
1410,Mere Sang
1411,Mere Sapno Ki Rani
1412,Mere Watan Mein Maine
1413,Meri Aashiqui Ab Tum Hi Ho
1414,Meri Aawargi
1415,Meri Ada Bhi
1416,Meri Bindiya Teri Nindiya
1417,Meri Duniya Tu Hi Re
1418,Meri Jaaniye
1419,Meri Khamoshi Hai
1420,Meri Maa
1421,Meri Nazren Hasin Hai Ki Tum
1422,Meri Qismat Men Tu Nahin Shayad
1423,Meri Shaadi Karvado
1424,Meri Wafayen Yaad Karoge
1425,Meri Zindagi Ek Pyaas
1426,Meri Zindagi Mein Ajnabee
1427,Meter Down
1428,Mhare Hiwra Main Nache Mor
1429,Mil Gaya
1430,Mil Gayee Woh Manzilen
1431,Milan Abhi Aadha Adhura
1432,Mile Ho Tum (Reprise)
1433,Milegi Milegi
1434,Mili Khaak Mein Mohabbat
1435,Miliyo Re
1436,Mind Blowing
1437,Mirza Se Darre Khuda Daler Mehndi
1438,Mirzya
1439,Miss India Martee Mujhpe
1440,Mitra
1441,Mitwa
1442,Moh Moh Ke Dhaage
1443,Moh Moh Ke Dhaage (Female)
1444,Mohabbat
1445,Mohabbat Hai Kya Cheez
1446,Mohabbat Isko Kahte Hain
1447,Mohabbat Ke
1448,Mohabbat Ke Din Ho
1449,Mohabbat Nasha Hai
1450,Mohe Chedo Na
1451,Mohe Panghat Pe
1452,Mohe Rang Do Laal
1453,Mohenjo Daro
1454,Money Hai Toh Honey Hai
1455,Monta Re
1456,Mor Bani Thanghat Kare
1457,Mora Gora Ang Laile
1458,More Haji Piya
1459,Morey Piya
1460,Mori Chham Chham Baje Payaliya
1461,Morni Banke
1462,Mose Mera Shyam Rootha
1463,Most Wanted Munda
1464,Move Your Body Now
1465,Mr. Lova Lova
1466,Mubarakan Title Song
1467,Muh Meetha Kara De
1468,Mujeh Naulakha Mangade
1469,Mujhe Dekhkar Aap Ka Muskurana
1470,Mujhe Ek Pal Chain
1471,Mujhe Haq Hai
1472,Mujhe Kitna Pyar Hai Tumse
1473,Mujhe Pyaar Hua
1474,Mujhe Pyar Men
1475,Mujhe Raat Din Bas
1476,Mujhe Tu Jo Mila
1477,Mujhe Tumse Mohabbat Hai
1478,Mujhko Barsaat Bana Lo
1479,Mujhko Neend Aa Rahi Hai
1480,Mujhko Yaad Sataye Teri
1481,Mujhpe Har Haseena
1482,Mujhse Dosti Karoge
1483,Mujhse Huee Bas Yeh
1484,Mujhse Juda Hokar
1485,Mujhse Mohabbat Ka
1486,Mujhse Shaadi Karogi
1487,Mujse Shaadi Karogi
1488,Mummy Aur Daddy Mein Ladai Ho Gayi
1489,Mummy Kasam
1490,Mundiyan
1491,Mungda
1492,Munni Badnam Hui
1493,Musafir
1494,Muskaanein Jhooti Hai
1495,Muskurane (Unplugged)
1496,Musu Musu
1497,My Dil Goes Mmmm
1498,Na Jaa
1499,Na Jane Kahan Se
1500,Na Jane Kahan Tum The
1501,Na Main Dhan Chahun
1502,Na Na Karte Pyar
1503,Na Na Na Re
1504,Na Tum Jano Na Hum
1505,Naa Jaane
1506,Naam Hai Bhaiaji
1507,Naam Hai Mera
1508,Naam Mera Premkali
1509,Nach Meri Jaan
1510,Nachan Farrate
1511,Nachange Saari Raat
1512,Nachde Ne Saare
1513,Nachdi Phira
1514,Nachle Na
1515,Nadaan Parindey
1516,Nadiya Chale Chale Re Dhara
1517,Nagada Nagada
1518,Nagada Sang Dhol
1519,Nahin Saamne Tu
1520,Nain Na Jodeen
1521,Nain Phisal Gaye
1522,Naina
1523,Naina Banjare
1524,Naina Da Kya Kasoor
1525,Naina Lad Jaihen
1526,Naina Milaike
1527,Naina Mile
1528,Naina Re
1529,Naino Ne Bandhi
1530,Nainon Men Sapna
1531,Nainowale Ne
1532,Naiyn Tere Zuke Zuke (Sad)
1533,Nakhriley
1534,Namak
1535,Namak Paare
1536,Namo Namo
1537,Nanga Punga Dost
1538,Naraaz Savera Hai
1539,Nasha
1540,Nasha Nasha
1541,Nashe Si Chadh Gayi
1542,Naughty Billo
1543,Nayak Nahi Khalnayak Hoon Main
1544,Nazam Nazam
1545,Nazar Bachakar Chale Gaye Woh
1546,Nazar Mein Hai Chehra
1547,Nazar Mere Dil Ke Par
1548,Nazar Na Lag Jaaye
1549,Nazar Se Nazar Mile
1550,Nazdeekiyan
1551,Nazm Nazm
1552,Nazrein Milaana Nazrein Churaana
1553,Nazrein Mili Dil Dhadka
1554,Neela Aasman So Gaya
1555,Neela Dupatta
1556,Neele Neele Ambar par
1557,Neendein Khul Jaati Hain
1558,Nikamma
1559,Nimbooda Nimbooda
1560,Nit Khair Manga
1561,No. 1 Punjabi
1562,Nonsense Ki Night
1563,Noor E Khuda
1564,O Aasman Wale
1565,O Chhalia Re Chhalia
1566,O Haseena Zulfonwale Jane Jahan
1567,O Heeriye
1568,O Humdum Suniyo Re
1569,O Jaana
1570,O Jaana Na Jaana
1571,O Janewale Ho Sake To Laut Ke Aana
1572,O Janiya
1573,O Jiji
1574,O Jogi Jab Se Tu Aaya Mere Dwar
1575,O Lal Dupatte Wali
1576,O Maa Tujhe Salaam
1577,O Mehbooba
1578,O Mere Majhi Mere Sajan Hai
1579,O Mere Raja
1580,O Mere Sanam
1581,O Meri Laila
1582,O O Jaane Jaana
1583,O Panchhi Pyare Sanjh Sakare
1584,O Piya O Piya
1585,O Priya Priya
1586,O Rangrez
1587,O Re Kaharo
1588,O Re Kanchi
1589,O Re Khuda
1590,O Re Piya
1591,O Saaki Saaki
1592,O Saathi
1593,O Saathi Re
1594,O Saathi Re Tere Bina
1595,O Saathiya
1596,O Sahiba O Sahiba
1597,O Sathiya
1598,O Soniye Dil Jaaniye
1599,O Yaad Nahi Bhool Gaya
1600,Odhli Chunariya Tere Naam Ki
1601,Oh Jaaniya
1602,Oh My Darling
1603,Ole Ole
1604,Om Mangalam
1605,One Two Three Four
1606,Ooee Baba
1607,Ooh La La
1608,Oonchi Hai Building
1609,Oye Hichki
1610,Oye Oye
1611,Paaji Tussi Such A Pussy Cat (Remix)
1612,Paani Wala Dance
1613,Paas Woh Aane Lage
1614,Paathshaala
1615,Paayal Meri
1616,Pag Ghungaru Bandh
1617,Pairon Mein Bandhan Hai
1618,Paisa Paisa
1619,Pak Chik Pak
1620,Pakeezah
1621,Pal
1622,Pal Bhar Ke Liye
1623,Pal Mein Mila Jahan
1624,Pal Pal Dil Ke Paas
1625,Pal Pal… Har Pal
1626,Palat Tera Hero Idhar Hai
1627,Palki Mein Hoke Sawar Chali Re
1628,Pallo Latke
1629,Pandey Jee Seeti
1630,Pani Da Rang
1631,Paniyon Sa
1632,Pankhon Ko
1633,Pant Mein Gun
1634,Papa Mere Papa
1635,Pardesi Pardesi
1636,Pardesiya
1637,Pareshaan
1638,Parinda
1639,Parody
1640,Party All Night
1641,Party All Night (Remix)
1642,Party Chale On
1643,Party On My Mind
1644,Party On My Mind (Remix)
1645,Party To Banti Hai (Remix)
1646,Party With The Bhoothnath
1647,Pata Hi Na Chala Sad
1648,Patli Kamar Hai
1649,Patola
1650,Patthar Ke Sanam
1651,Pe.. Pe.. Pepein… (Version 2)
1652,Pee Loon
1653,Pee Paa Pee Paa
1654,Peepal Ke Patwa
1655,Peer Manava
1656,Peh Gaya Khalara
1657,Pehla Nasha Once Again
1658,Pehla Pehla Pyar
1659,Pehle Ke Jaisa
1660,Pehli Baar
1661,Pehli Baar Mile Hain
1662,Pehli Nazar Mein
1663,Phatte Tak Nachna
1664,Phir Bhi Dil Hai Hindustani
1665,Phir Bhi Tumko Chaahunga
1666,Phir Kya Hai Gham
1667,Phir Le Aya Dil
1668,Phir Mohabbat
1669,Phir Mulaaqat
1670,Phir Nahin Aane Wali Pyare
1671,Phir Se
1672,Phir Wahi
1673,Phool Bagiya Men Bhanware Aaye
1674,Phool Maangu Na Bahaar Maangu
1675,Photocopy
1676,Pinga
1677,Pinjra Tod Ke
1678,Pink Lips
1679,Pink Lips (Remix)
1680,Pinky
1681,Piya Aaye Na
1682,Piya Milenge
1683,Piya More
1684,Piya O Re Piya
1685,Piya Piya O Piya
1686,Piya Tu Ab To Aaja
1687,Po Po
1688,Poore Chand
1689,Poore Se Zara Sa Kam Hain
1690,Poster Lagwa Do
1691,Prabhu Ji
1692,Prem Jaal Mein
1693,Prem Jogan Ban Ke
1694,Prem Leela
1695,Prem Mein Tohre
1696,Prem Ratan Dhan Payo
1697,Premika
1698,Pretty Woman
1699,Proper Patola
1700,Pukarta Chala Hoon Main
1701,Pump It (The Workout Song)
1702,Punjabi Mast
1703,Punjabi Wedding Song
1704,Purza
1705,Pyaar De
1706,Pyaar Deewana Hota Hai
1707,Pyaar Kar
1708,Pyaar Ki Ek Kahani
1709,Pyaar Se Pyaar
1710,Pyaar Tune Kya Kiya
1711,Pyaar Yeh Jaane Kaise
1712,Pyaara Bhaiya Mera
1713,Pyar De Pyar Le
1714,Pyar Dilon Ka Mela Hai
1715,Pyar Ho (Redux)
1716,Pyar Ka Anjaam
1717,Pyar Kabhi Kam Nahi Karna
1718,Pyar Kar
1719,Pyar Ke Liye
1720,Pyar Ki Raahen
1721,Pyar Kiya To Darna Kya
1722,Pyar Ko Ho Jane Do
1723,Pyar Nahin Karna
1724,Qaafirana
1725,Qayamat
1726,Raabta
1727,Raabta Tujhse Raha
1728,Raah Mein Un Se
1729,Raah Mein Unse Mulaqat
1730,Raasleela
1731,Raat Baaqi Baat Baaqi
1732,Raat Ka Nasha
1733,Raat Ke Dhai Baje
1734,Raat Ko Neend Aati Nahi
1735,Raazi Title Track
1736,Rab Ka Shukrana
1737,Rabba Ishq Na Hove
1738,Rabba Main Toh Mar Gaya Oye
1739,Rabba Meray Haal Da Mehram Tu
1740,Race 2 (Mashup)
1741,Race Saanson Ki
1742,Radha
1743,Radha Kaise Na Jale
1744,Radha Nachegi
1745,Radio
1746,Rafta Rafta Medley
1747,Rafu
1748,Raghupati Raghav
1749,Rail Gaddi
1750,Raitaa Phail Gayaa
1751,Raj Karega Khalsa
1752,Rajj Rajj Ke
1753,Raju Chacha
1754,Ram Chahe Leela
1755,Ram Kare Aisa Ho Jaye
1756,Ram Narayan Baaja Bajaata
1757,Rama Re
1758,Ramaiya Vatsavaiya
1759,Rang Barse
1760,Rang Birangi Rakhee Lekar
1761,Rang De
1762,Rang De Basanti
1763,Rang Deni
1764,Rang Laal
1765,Rang Se Hui
1766,Ranga Re
1767,Rangdaari
1768,Rangreli
1769,Rangreza
1770,Rangtaari
1771,Rani Tu Mein Raja (
1772,Rasiya
1773,Ratta Maar
1774,Reham Nazar Karo
1775,Rehna Tu
1776,Rehnuma
1777,Resham Ka Rumaal
1778,Right Now (Remix)
1779,Right Now Now
1780,Rikshe Pe Mere Tum Aa Baithe
1781,Rimjhim Ke Tarane Leke Aai Barsaat
1782,Rind Posh Maal
1783,Rock N Roll Soniye
1784,Rocket Saiyyan
1785,Roja Jaaneman
1786,Rola Pe Gaya
1787,Roobaroo
1788,Roshni Se
1789,Rote Hue Ate Hain Sab
1790,Roy Mashup
1791,Rozaana
1792,Rozana
1793,Ruk Ja O Dil Deewane
1794,Ruk Ja O Janewali Ruk Ja
1795,Saad Shukrana
1796,Saadda Haq
1797,Saadi Galli Aaja (Remix)
1798,Saaiyaan
1799,Saajan Aayo Re
1800,Saajan Saajan
1801,Saajna
1802,Saajna (Unplugged)
1803,Saale Sapne
1804,Saans
1805,Saanson Ke
1806,Saanson Ki Mala
1807,Saanson Ne
1808,Saanwali Si Ek Ladki
1809,Saara Saara Din Tum Kaam Karoge
1810,Saat Ajube Iss Duniya Mein
1811,Saat Rang Mein Khel Rahi Hain
1812,Saathiya Nahi Jaana
1813,Saathiya Tune Kya Kiya
1814,Saaton Janam Main Tere
1815,Saawali Si Raat
1816,Saawan Ke Jhoolon Ne
1817,Saawan Mein Lag Gayi Aag
1818,Saawli Saloni Teri
1819,Sab Badhiya Hai
1820,Sab Kuchh Bhula Diya
1821,Sab Tera
1822,Sach Hue Sapne Apne
1823,Sachi Muchi
1824,Sadda Dil Vi Tu
1825,Sadda Move
1826,Saddi Dilli
1827,Sadi Gali
1828,Sadka
1829,Safarnama
1830,Sahiba
1831,Sahiba Russ Gayiya
1832,Sai Baba Bolo (Album Version)
1833,Saiyaan Superstar
1834,Saiyaara
1835,Saiyan Re
1836,Saiyan Se Chhup Ke
1837,Saiyyan
1838,Sajda
1839,Sajdaa
1840,Sajde
1841,Sajh Dhaj Ke
1842,Sajna Mein Teri Tu Mera
1843,Sajna Ve
1844,Sajna Ve Sajna
1845,Sakhiya
1846,Salaam E Ishq
1847,Salaam India
1848,Salaam Namaste
1849,Salamat Rahe Dostana Hamara
1850,Samajh Kar Chand Jis Ko
1851,Samjhawan
1852,Samjho Ho Hi Gaya
1853,Sanam Re
1854,Sanam Sanam
1855,Sanam Teri Kasam
1856,Sanam Teri Kasam (Reprise)
1857,Sanam Tum Jahan Mera Dil Wahan
1858,Sandese Aate Hain
1859,Sanjh Dhali
1860,Sanson Ki Zarurat Hai Jaise
1861,Sanu Ek Pal Chain
1862,Sapna
1863,Sapna Jahan
1864,Sapne Mein
1865,Sar Se Sarke
1866,Sara Zamana
1867,Saree Ke Fall Sa
1868,Sari Duniya Ka Boj
1869,Sarphiri
1870,Sarsariya
1871,Sata Le Ae Jahan
1872,Satakli
1873,Satarangi Re
1874,Saturday
1875,Saturday Saturday (Remix)
1876,Sau Aasmaan
1877,Sau Dard
1878,Sau Saal Pehle
1879,Sau Tarah Ke
1880,Sau Tarah Ke (Revisited)
1881,Sava Dollar (Lavni)
1882,Savaiyaa – Chhota Sa Saajan
1883,Sawaar Loon
1884,Sawan Aaya Hai (Unplugged Version)
1885,Sawan Ka Mahina
1886,Sawarne Lage
1887,Say “Shava Shava”
1888,School Ke Din
1889,Second Hand Jawaani
1890,Seedha Saadha
1891,Seena Pada
1892,Sehmi Hai Dhadkan
1893,Sehra
1894,Selfie Le Le Re
1895,Selfish
1896,Senorita
1897,Senorita (Remix)
1898,Senti Wali Mental
1899,Sexy Baby Girl
1900,Sexy Baliye
1901,Shaam Shaandaar
1902,Shabe Firaq
1903,Shake Karaan
1904,Shakira
1905,Shanana Na
1906,Shanivaar Raati
1907,Sharabi
1908,Sharma Ke Ye Kyon Sab Pardanashi
1909,Sheesha-E-Dil Itna Na Uchhalo
1910,Sheher Mein
1911,Sheila Ki Jawani
1912,Sheila Ki Jawani (Remix)
1913,Shiddat
1914,Shikayat Hai
1915,Shikayatein
1916,Shikdum
1917,Shikwa Nahin Kisi Se
1918,Shirdi Wale Sai Baba
1919,Show Me Your Jalwa
1920,Shubh Din
1921,Shukran Allah
1922,Shukriya Zindagi Shukriya Zindagi
1923,Shuru Kar
1924,Shut Up & Bounce
1925,Silsila Ye Chaahat Ka
1926,Sing Raja
1927,Single Rehne De
1928,Sirf Tum
1929,Sleepy Sleepy Akiyaan
1930,Small Town Girl
1931,So Gaya Yeh Jahan
1932,Soch Na Sake
1933,Socha Hai
1934,Socho Ke Jheelon Ka
1935,Soldier Soldier Meethi Baaten
1936,Son Of Sardaar
1937,Soni Soni
1938,Soniye
1939,Soniye Dil Nayi
1940,Soniye Mil Ja
1941,Soniye Ve – Dhak Dhak Dhak
1942,Soniyo
1943,Sooraj Dooba Hai
1944,Sooraj Dooba Hai Yaron (Remix)
1945,Sooraj Ki Baahon Mein
1946,Soorma Anthem
1947,Stay A Little Longer
1948,Subah Subah
1949,Subhanallah
1950,Sufi Salam
1951,Suhana Safar Aur Yeh Mausam
1952,Suit Suit
1953,Sukh Karta (Ganpati Aarti)
1954,Sukoon Mila
1955,Sultan (Mashup)
1956,Sultan Title Song
1957,Sun Le Meri Payal Ke Geet
1958,Sun Soniye
1959,Sun Zara
1960,Sunle Tu Dilki Sadaa
1961,Sunn Le Zara
1962,Sunn Raha Hai (Male)
1963,Sunny Sunny
1964,Sunny Sunny (Remix)
1965,Suno Aisha
1966,Suno Ganpati Bappa Morya
1967,Suraiyya
1968,Suraj Hua Maddham
1969,Surmayee Ankhiyon Mein
1970,Swag
1971,Swag Saha Nahi Jaye
1972,Swag Se Swagat
1973,Swag Se Swagat (Arabic)
1974,Sweeta
1975,Sweetheart
1976,Sweety
1977,Sweety Tera Drama
1978,Taang Uthake
1979,Taaron Ka Chamakta
1980,Tab Bhi Tu
1981,Tadap Tadap
1982,Taiyabali Pyar Ka Dushman
1983,Taki Oh Taki
1984,Talli
1985,Talli Tonight
1986,Tamma Tamma Again
1987,Tamma Tamma Loge
1988,Tan Rang Lo Ji Aaj Man Ranglo
1989,Tandoori Nights
1990,Tanha Tanha
1991,Tanha Tanha Ghum Ke Dhunde Dil
1992,Tanha Tanha Yahan Pe Jeena
1993,Tanhai Tanhai
1994,Tanhaiyaan
1995,Tanhaiyan
1996,Tanhayee
1997,Tanu Weds Manu Returns (Mashup)
1998,Tare Hain Barati
1999,Tareefan
2000,Tareefan Remix
2001,Tattad Tattad
2002,Tauba Main Vyaah Karke Pachtaya
2003,Tauba Yeh Matwali Chaal
2004,Tay Hai
2005,Teen Patti
2006,Teetar Ke Do Aage Teetar
2007,Tenu Le Ke
2008,Tera Bemar Mera Dil
2009,Tera Deedar Hua
2010,Tera Fitoor
2011,Tera Hi Karam
2012,Tera Hoke Rahoon
2013,Tera Hone Laga Hoon
2014,Tera Hua
2015,Tera Mera Milna
2016,Tera Mera Pyar Amar
2017,Tera Mera Rishta
2018,Tera Mera Rishta Purana
2019,Tera Mujhse Hai Pehle Ka Naata Koi
2020,Tera Noor
2021,Tera Rang Balle Balle
2022,Tera Rastaa Chodun Na
2023,Tera Saath Ho
2024,Tera Yaar Hoon Main
2025,Tere Bin
2026,Tere Bin Nahi Laage
2027,Tere Bina
2028,Tere Bina (Guru)
2029,Tere Bina Tere Bina
2030,Tere Bina Zindagi Se Koi Shikwa To Nahin
2031,Tere Chehre Mein Woh Jaadu Hai
2032,Tere Chehre Pe
2033,Tere Dil Ka Rishta
2034,Tere Dil Mein
2035,Tere Dware Pe Aai Baraat
2036,Tere Ghar Ke Samne
2037,Tere Ho Ke Rahenge
2038,Tere Ishq Ka Suroor
2039,Tere Ishq Mein Naachenge
2040,Tere Jaisa
2041,Tere Jaisa Yaar Kahan
2042,Tere Liye
2043,Tere Mast Mast Do Nain
2044,Tere Mere
2045,Tere Mere Beech Mein
2046,Tere Mohalle
2047,Tere Naal Ishqa
2048,Tere Naal Nachna
2049,Tere Naina
2050,Tere Pyar Mein Dil Deewana
2051,Tere Pyar Mein Dildar
2052,Tere Sang Yaara
2053,Tere Thumke Sapna Chaudhary
2054,Teri Bindiya Re
2055,Teri Choodiyan Da Crazy Crazy Sound
2056,Teri Dhoom Har Kahin
2057,Teri Kasam Main Hoon
2058,Teri Khair Mangdi
2059,Teri Mehfil Mein Kismat Azmakar
2060,Teri Meri Prem Kahani
2061,Teri Ore
2062,Teri Pyari Pyari Soorat Ko
2063,Teri Tamanna
2064,Teri Yaad
2065,Teri Yaad Aati Hai
2066,Teri Yaad Dilse Bhulane Chala Hoon
2067,Teri Zulfon Se Judai To
2068,Thare Vaaste
2069,Tharki Chokro
2070,The Breakup Song
2071,The Dirty Mashup
2072,The Disco Song
2073,The Disco Song (Remix)
2074,The Google Song
2075,The Humma Song
2076,The Medley
2077,The Mutton Song
2078,The Padman Song
2079,Theher Ja
2080,Theher Ja (Remix)
2081,Thirkat Ang
2082,This Party Is Over Now
2083,Thoda Aur
2084,Thoda Thoda Pyar
2085,Thodi Der
2086,Thori Se Jo Peeli Hai
2087,Thug Le
2088,Tik Tuk
2089,Tinka Tinka
2090,Tinka Tinka Dil Mera
2091,Tinku Jiya
2092,Tip Tip Barsa Pani
2093,Tishnagi
2094,Titli
2095,Titliyan
2096,Toh Dishoom
2097,Toh Phir Aao
2098,Tonight
2099,Tooh
2100,Toota Jo Kabhi Tara
2101,Tora Man Bada Papi
2102,Touch Me
2103,Trippy
2104,Trippy Trippy
2105,Tu
2106,Tu Banja Gali Benaras Ki
2107,Tu Bhoola Jise
2108,Tu Chahiye
2109,Tu Chale Toh
2110,Tu Dharti Pe Chaahe Jahan Bhi
2111,Tu Hai
2112,Tu Hai Ki Nahin
2113,Tu Hi Hai
2114,Tu Hi Haqeeqat
2115,Tu Hi Khwahish
2116,Tu Hi Mera
2117,Tu Hi Meri Shab Hai
2118,Tu Hi Na Jaane
2119,Tu Hi Re
2120,Tu Hi Toh Meri Dost Hai
2121,Tu Hi Tu
2122,Tu Isaq Mera
2123,Tu Itni Khoobsurat Hai
2124,Tu Jaane Na
2125,Tu Jahaan
2126,Tu Jo Hain
2127,Tu Jo Mila
2128,Tu Kamaal Di Kudi
2129,Tu Mera Bhai Nahi Hai
2130,Tu Mera Hero
2131,Tu Mere Agal Bagal Hai
2132,Tu Mere Paas
2133,Tu Meri
2134,Tu Meri (Remix)
2135,Tu Meri Main Tera
2136,Tu Milade
2137,Tu Mohabbat Hai
2138,Tu Mujhe Kabool
2139,Tu Mujhe Suna
2140,Tu Na Ja Mere Badshah
2141,Tu Pyar Hai Kisi Aur Ka
2142,Tu Roop Ki Rani Main Choron Ka Raja
2143,Tu Rootha Dil Toota
2144,Tu Tu Hai Wahi
2145,Tu Zaroorat Nahi Tu Zaroori Hai
2146,Tu Zaroori
2147,Tujh Mein Rab Dikhta Hai
2148,Tujhe Dekh Dekh
2149,Tujhe Dekha To
2150,Tujhe Dekhti Hai Nazar
2151,Tujhe Jeevan Ki Dor Se
2152,Tujhe Sochta Hoon
2153,Tujhe Yaad Na Meri Aayee
2154,Tujhko Bhulana
2155,Tujhko Jo Paaya
2156,Tujhko Mera Pyar Pukare
2157,Tujhko Na Dekhun
2158,Tujhpe Fida
2159,Tujhse Kahan Judaa Hoon Main
2160,Tujhse Naaraz Nahi Zindagi
2161,Tukur Tukur
2162,Tum
2163,Tum Aa Gaye Ho Noor Aa Gaya Hai
2164,Tum Bin
2165,Tum Dil Ki Dhadkan Mein
2166,Tum Ho Mera Pyar
2167,Tum Ho Toh Lagta Hai
2168,Tum Itna Jo Muskura Rahe Ho
2169,Tum Jaise Bigde Babu Se
2170,Tum Jo Aaye
2171,Tum Jo Mile
2172,Tum Ko Dekha To Yeh Khayal Aya
2173,Tum Ko Hum Dilbar
2174,Tum Ladki Ho
2175,Tum Mere Ho
2176,Tum Mile
2177,Tum Paas Aa Rahe Ho
2178,Tum Par Hum Hai Atke Yaara
2179,Tum Saanson Mein
2180,Tum Saath Ho Jab Apne
2181,Tum Se
2182,Tum Se Milke
2183,Tum Tak
2184,Tum Toh Dhokabaaz Ho
2185,Tumhari Nazar Kyon Khafa Ho Gayi
2186,Tumhe Apna Banane Ka
2187,Tumhe Jo maine Dekha
2188,Tumhen Muhabbat Hai Humne Mana
2189,Tumhen Pa Ke Humne Jahan Pa Liya
2190,Tumhi Dekho Naa
2191,Tumhi Ho Bandhu
2192,Tumhi Se
2193,Tumko To Aana Hi Tha
2194,Tumne Agar Pyar Se – Female
2195,Tumsa Koi Pyaara
2196,Tumsa Nahin Dekha
2197,Tumse Hi Tumse
2198,Tumse Jo Dekhte Hi Pyar Hua
2199,Tumse Milne Ki Tamanna Hai
2200,Tumse Pyar Ho Gaya
2201,Tune Bechain Itna Ziada Kiya
2202,Tune Maari Entriyaan (Bangla Version)
2203,Tune Maari Entriyaan (Remix)
2204,Tune Mari Entriyaan
2205,Tutak Tutak Tutiya
2206,Twinkle Twinkle
2207,Twist
2208,Twist Kamariya
2209,Udi Udi Jaye
2210,Udte Badal Se Poochho
2211,Uff
2212,Uff Teri Adaa I Like You
2213,Ullu ka Pattha
2214,Ungli Pe Nachalein
2215,Urvashi Urvashi
2216,Usire Usire
2217,Usne Bola Kem Che
2218,Vadiya
2219,Vande Mataram
2220,Veerey Ki Wedding
2221,Vele
2222,Waada Raha Sanam
2223,Wada Karle Sajna Tere Bina
2224,Wada Karo Nahi Chodoge
2225,Wafa Jo Na Ki To
2226,Wah Wah Ram Ji
2227,Wajah Tum Ho
2228,Wat Wat Wat
2229,Watan Wallon Watan Na
2230,Whats Up
2231,What’s Going On?
2232,Where’s the Party Tonight
2233,Will You Marry me
2234,Wo Ladki Jo Sabse
2235,Woh Chand Jaisi Ladki
2236,Woh Dekho Jala Ghar Kisi Ka
2237,Woh Ladki Bahut Yaad Aati
2238,Woh Lamhe Woh Baatein
2239,Woh Pehli Baar
2240,World Dance Medley
2241,Ya Ali
2242,Ya Rabba
2243,Yaad Aa Raha Ha
2244,Yaad Aayee
2245,Yaad Hai
2246,Yaad Hai Na
2247,Yaad Mein Teri
2248,Yaad Teri Yaad
2249,Yaadan Teriyan
2250,Yaadon Mein
2251,Yaar De Viah
2252,Yaar Na Miley
2253,Yaar Na Miley (Remix)
2254,Yaar Naa Miley (Remix)
2255,Yaara O Yaara
2256,Yaara Yaara
2257,Yaari Yaari
2258,Yaariyan Mashup
2259,Yaaron Aesa Hai
2260,Yadaan Teriyaan
2261,Yahaan Vahaan
2262,Yahi Hota Pyaar
2263,Yari Hai Imaan Mera
2264,Ye Awaaz Hai
2265,Ye Dosti Hum Nahi Todenge
2266,Ye Jawaani Teri
2267,Ye Jo Teri Paylon Ki
2268,Ye Ladki Nahin Banaras Ka Paan
2269,Ye Mera Dil Pagal Hai
2270,Ye Toh Sach Hai Ke Bhagwan
2271,Ye Tune Kya Kiya
2272,Yeh Desh Hai Veer Jawanon Kaa
2273,Yeh Dil Jo Hai Badmaash Hai
2274,Yeh Hai Bambai Nagaria
2275,Yeh Haseen Vadiyan Yeh Khula Aasman
2276,Yeh Hava Yeh Fiza
2277,Yeh Hawa Yeh Bata
2278,Yeh Hawa Yeh Fiza Aa Bhi Jaa
2279,Yeh Hum Aa Gaye Hain Kahaan
2280,Yeh Ishq Hai
2281,Yeh Ishq Hai Gunah
2282,Yeh Jawaani Hai Deewani (Mashup)
2283,Yeh Jo Des Hai Tera
2284,Yeh Jo Halki Halki Khumariya
2285,Yeh Joker
2286,Yeh Kaisi Jagah
2287,Yeh Kasoor Mera Hai
2288,Yeh Ladka Hai Allah
2289,Yeh Ladka Hai Deewana
2290,Yeh Lucknow Ki Sar Zameen
2291,Yeh Mera Dil Yaar Ka Diwana
2292,Yeh Mera Diwanapan Hai
2293,Yeh Mera Prem Patra
2294,Yeh Raaste Hai Pyaar Ke
2295,Yeh Raat Aur Yeh Doori
2296,Yeh Tera Ghar Yeh Mera Ghar
2297,Yeh Umar Hai Kya
2298,Yeh Vaada Raha
2299,Yeh Zindagi Ka Mausam
2300,You Are My Soniya
2301,You’re My Life
2302,Yun Hi Chala Chal
2303,Yunhi Kat Jaayega
2304,Zaalima
2305,Zara Nazron Se Kah Do Ji
2306,Zara Si Dosti
2307,Zara Zara Touch Me
2308,Zaroorat
2309,Zehnaseeb
2310,Ziddi Dil
2311,Zinda
2312,Zinda Rehti Hain Mohabbatein
2313,Zindagi Bana Loon
2314,Zindagi Do Pal Ki
2315,Zindagi Ka Safar
2316,Zindagi Kaisi Hai Paheli
2317,Zindagi Ki Yahi Reet Hai
2318,Zindagi Kuch Toh Bata
2319,Zindagi To Bewafa Hai
2320,Zindagi Tujhse Kya Karen Shikvey
2321,Zingaat
2322,Zoobi Doobi
2323,Zor Ka Jhatka
2324,Zor Ka Jhatka Haye (Remix)
2325,Zulf Ki Chhaon Mein
2326,khwab jo raag de
